Provinsi,Tahun,Pengeluaran_Makanan,Pengeluaran_Bukan_Makanan,Total_Pengeluaran,UMP,TPT,TPAK,PDRB_HargaBerlaku,PDRB_HargaKonstan,Pct_Penduduk_Miskin,Inflasi_Rata_Tahunan,Gini_Rasio,IPM,Garis_Kemiskinan,Jumlah_Penduduk,Pct_Populasi,Pct_Akses_Air_Bersih,Protein_gram_per_hari,Inflasi_WB_Annual,GDP_PerCapita_PPP,Pct_Unemployment_WB,Poverty_Headcount_Pct
Aceh,2021,643591.4,494227.92,1137819.32,3165031.0,6.3,64.46,34673.56,25356.45,15.33,0.155,0.3235,72.18,553270.25,5274.9,1.96,88.79,62.27881869256759,1.56007882983334,12757.0746440204,3.827,10.1
Bali,2021,628472.06,840152.05,1468624.11,2494000.0,5.395,73.625,50758.32,33123.79,4.53,0.155,0.3765,75.69,447277.5,4317.4,1.6,97.56,62.27881869256759,1.56007882983334,12757.0746440204,3.827,10.1
Banten,2021,744893.26,766363.4,1511256.67,2460997.0,8.995,64.035,55383.29,38339.42,6.66,0.155,0.364,72.72,524712.25,11904.6,4.42,93.51,62.27881869256759,1.56007882983334,12757.0746440204,3.827,10.1
Bengkulu,2021,580273.31,558299.08,1138572.4,2215000.0,3.685,70.745,39167.13,23545.64,15.22,0.155,0.3235,71.64,575415.25,2010.7,0.75,67.39,62.27881869256759,1.56007882983334,12757.0746440204,3.827,10.1
DI Yogyakarta,2021,594622.24,823248.11,1417870.35,1765000.0,4.42,73.165,40516.0,29115.86,12.8,0.155,0.4385,80.22,469253.0,3668.7,1.36,95.69,62.27881869256759,1.56007882983334,12757.0746440204,3.827,10.1
DKI Jakarta,2021,923932.8,1412496.63,2336429.43,4416187.0,8.505,63.875,274659.62,175004.64,4.72,0.155,0.41,81.11,706345.0,10562.1,3.89,99.86,62.27881869256759,1.56007882983334,12757.0746440204,3.827,10.1
Gorontalo,2021,529729.27,616060.84,1145790.12,2788826.0,3.21,66.655,37086.76,24594.17,15.61,0.155,0.4085,69.0,394648.25,1171.7,0.43,94.57,62.27881869256759,1.56007882983334,12757.0746440204,3.827,10.1
Jambi,2021,613752.76,566507.0,1180259.76,2630162.0,4.925,67.235,64770.93,42898.41,8.09,0.155,0.318,71.63,532922.5,3548.2,1.31,79.7,62.27881869256759,1.56007882983334,12757.0746440204,3.827,10.1
Jawa Barat,2021,677382.61,695276.49,1372659.1,1810351.0,9.37,64.89,45234.18,30935.23,8.4,0.155,0.40900000000000003,72.45,430568.0,48274.2,17.89,93.24,62.27881869256759,1.56007882983334,12757.0746440204,3.827,10.1
Jawa Tengah,2021,519009.15,529599.86,1048609.0,1798979.0,5.955,69.48,38568.08,27092.91,11.79,0.155,0.37,72.16,416031.75,36516.0,13.47,93.62,62.27881869256759,1.56007882983334,12757.0746440204,3.827,10.1
Jawa Timur,2021,557790.8,555211.15,1113001.95,1868777.0,5.455,69.875,59988.44,40779.82,11.4,0.155,0.369,72.14,436008.75,40665.7,14.99,95.02,62.27881869256759,1.56007882983334,12757.0746440204,3.827,10.1
Kalimantan Barat,2021,603291.38,559766.88,1163058.26,2399699.0,5.775,69.415,42252.66,25793.51,7.15,0.155,0.314,67.9,501930.25,5414.4,2.01,78.76,62.27881869256759,1.56007882983334,12757.0746440204,3.827,10.1
Kalimantan Selatan,2021,701228.0,682572.4,1383800.41,2877449.0,4.64,69.17,48065.95,32894.85,4.83,0.155,0.3275,71.28,522736.5,4073.6,1.51,76.4,62.27881869256759,1.56007882983334,12757.0746440204,3.827,10.1
Kalimantan Tengah,2021,713144.53,682681.29,1395825.82,2903145.0,4.39,69.055,62833.77,37955.03,5.16,0.155,0.3215,71.25,511396.0,2670.0,0.99,77.05,62.27881869256759,1.56007882983334,12757.0746440204,3.827,10.1
Kalimantan Timur,2021,736465.16,982145.65,1718610.81,2981379.0,6.82,66.475,183157.52,127368.07,6.54,0.155,0.3325,76.88,692314.0,3766.0,1.4,85.8,62.27881869256759,1.56007882983334,12757.0746440204,3.827,10.1
Kalimantan Utara,2021,742833.93,811875.93,1554709.86,3000804.0,4.625,66.205,157091.68,88973.51,7.36,0.155,0.2885,71.19,712913.0,701.8,0.26,86.8,62.27881869256759,1.56007882983334,12757.0746440204,3.827,10.1
Kepulauan Bangka Belitung,2021,783203.97,748970.15,1532174.12,3230024.0,5.035,66.935,58406.07,37620.69,4.9,0.155,0.2515,71.69,762815.5,1455.7,0.54,73.4,62.27881869256759,1.56007882983334,12757.0746440204,3.827,10.1
Kepulauan Riau,2021,828206.18,1027089.42,1855295.6,3005460.0,10.015,67.33,131883.84,86584.63,6.12,0.155,0.341,75.79,635416.0,2064.6,0.78,90.83,62.27881869256759,1.56007882983334,12757.0746440204,3.827,10.1
Lampung,2021,539963.55,490615.03,1030578.58,2432002.0,4.615,70.54,40806.71,27149.57,12.62,0.155,0.3185,69.9,493816.25,9007.8,3.33,80.2,62.27881869256759,1.56007882983334,12757.0746440204,3.827,10.1
Maluku,2021,536326.5,576419.33,1112745.83,2604961.0,6.83,65.075,26153.05,17053.15,17.87,0.155,0.315,69.71,597717.5,1848.9,0.68,93.21,62.27881869256759,1.56007882983334,12757.0746440204,3.827,10.1
Maluku Utara,2021,556903.28,572438.1,1129341.37,2721530.0,4.885,64.505,40381.06,25190.72,6.89,0.155,0.28900000000000003,68.76,505782.5,1282.9,0.48,88.66,62.27881869256759,1.56007882983334,12757.0746440204,3.827,10.1
Nusa Tenggara Barat,2021,637897.8,559650.1,1197547.9,2183883.0,3.49,70.945,26009.17,17715.84,14.14,0.155,0.3825,68.65,432583.25,5320.1,1.98,94.6,62.27881869256759,1.56007882983334,12757.0746440204,3.827,10.1
Nusa Tenggara Timur,2021,468252.17,372106.44,840358.61,1950000.0,3.575,73.535,20554.99,13076.68,20.99,0.155,0.3425,65.28,458629.25,5325.6,1.98,85.4,62.27881869256759,1.56007882983334,12757.0746440204,3.827,10.1
Papua,2021,792780.9,575598.21,1368379.11,3516700.0,3.55,75.88,54050.61,36420.15,26.86,0.155,0.3965,60.62,608360.25,4303.7,1.6,64.92,62.27881869256759,1.56007882983334,12757.0746440204,3.827,10.1
Papua Barat,2021,698303.14,749177.85,1447480.99,3134600.0,6.01,69.225,74021.65,53324.2,21.84,0.155,0.377,65.26,645388.75,1134.1,0.42,81.68,62.27881869256759,1.56007882983334,12757.0746440204,3.827,10.1
Riau,2021,672142.73,670527.59,1342670.32,2888564.0,4.69,65.42,129740.71,78319.23,7.12,0.155,0.3265,72.94,581382.25,6394.1,2.38,89.76,62.27881869256759,1.56007882983334,12757.0746440204,3.827,10.1
Sulawesi Barat,2021,453030.94,439349.35,892380.3,2678863.0,3.205,70.99,35195.14,22898.21,11.29,0.155,0.361,66.36,374774.25,1419.2,0.53,78.35,62.27881869256759,1.56007882983334,12757.0746440204,3.827,10.1
Sulawesi Selatan,2021,533482.09,570614.67,1104096.77,3165876.0,5.755,65.045,59502.64,37501.45,8.78,0.155,0.3795,72.24,380087.5,9073.5,3.35,91.18,62.27881869256759,1.56007882983334,12757.0746440204,3.827,10.1
Sulawesi Tengah,2021,512309.16,539396.49,1051705.66,2303711.0,3.74,68.83,82016.81,49690.23,13.0,0.155,0.321,69.79,503835.5,2985.7,1.11,88.51,62.27881869256759,1.56007882983334,12757.0746440204,3.827,10.1
Sulawesi Tenggara,2021,509723.28,560769.94,1070493.21,2552015.0,4.07,70.425,52436.02,36570.47,11.66,0.155,0.392,71.66,390046.0,2624.9,0.98,91.94,62.27881869256759,1.56007882983334,12757.0746440204,3.827,10.1
Sulawesi Utara,2021,612971.86,598707.81,1211679.67,3310723.0,7.17,62.715,54034.12,34776.43,7.77,0.155,0.362,73.3,413917.5,2621.9,0.97,91.65,62.27881869256759,1.56007882983334,12757.0746440204,3.827,10.1
Sumatera Barat,2021,668029.07,613628.96,1281658.04,2484041.0,6.595,68.065,45218.16,31264.98,6.63,0.155,0.303,72.65,573911.0,5534.5,2.05,83.4,62.27881869256759,1.56007882983334,12757.0746440204,3.827,10.1
Sumatera Selatan,2021,579031.72,517375.56,1096407.27,3144446.0,5.075,69.36,57744.67,38182.24,12.84,0.155,0.3405,70.24,466297.5,8467.4,3.14,84.7,62.27881869256759,1.56007882983334,12757.0746440204,3.827,10.1
Sumatera Utara,2021,607811.56,534905.1,1142716.66,2499423.0,6.17,69.245,57441.93,36582.07,9.01,0.155,0.3135,72.0,529548.5,14799.4,5.48,90.89,62.27881869256759,1.56007882983334,12757.0746440204,3.827,10.1
Aceh,2022,668480.98,511651.95,1180132.93,3166460.0,6.07,63.825,38767.08,26061.53,14.64,0.45,0.301,72.8,605322.0,5334.9,1.96,89.7,62.21269396142489,4.20946463714784,13334.2653947637,3.462,9.5
Bali,2022,609855.33,832754.43,1442609.77,2516971.0,4.82,77.0,56092.96,34481.06,4.57,0.45,0.3625,76.44,489030.0,4343.4,1.6,98.42,62.21269396142489,4.20946463714784,13334.2653947637,3.462,9.5
Banten,2022,830110.79,789460.92,1619571.71,2501203.0,8.31,64.9,61413.54,39790.24,6.16,0.45,0.37,73.32,567890.75,12023.0,4.44,92.71,62.21269396142489,4.20946463714784,13334.2653947637,3.462,9.5
Bengkulu,2022,626208.94,570274.83,1196483.76,2238094.0,3.49,70.65,43756.98,24238.47,14.62,0.45,0.315,72.16,624996.0,2032.4,0.75,73.07,62.21269396142489,4.20946463714784,13334.2653947637,3.462,9.5
DI Yogyakarta,2022,628844.56,851529.72,1480374.28,1840916.0,3.895,73.64,44638.79,30410.57,11.34,0.45,0.449,80.64,513521.5,3687.8,1.36,96.5,62.21269396142489,4.20946463714784,13334.2653947637,3.462,9.5
DKI Jakarta,2022,953320.89,1572026.48,2525347.37,4641854.0,7.59,62.675,299674.73,183598.47,4.69,0.45,0.4175,81.65,756162.5,10605.4,3.87,97.93,62.21269396142489,4.20946463714784,13334.2653947637,3.462,9.5
Gorontalo,2022,534461.48,608535.25,1142996.73,2800580.0,2.915,68.345,39690.94,25268.51,15.42,0.45,0.4205,69.81,423046.75,1183.5,0.43,96.16,62.21269396142489,4.20946463714784,13334.2653947637,3.462,9.5
Jambi,2022,663020.58,598816.2,1261836.78,2698941.0,4.645,68.35,76224.16,44515.14,7.62,0.45,0.3275,72.14,591335.25,3586.4,1.32,79.19,62.21269396142489,4.20946463714784,13334.2653947637,3.462,9.5
Jawa Barat,2022,708389.69,729004.43,1437394.12,1841487.0,8.33,66.23,49136.9,32246.78,8.06,0.45,0.4145,73.12,465678.0,48738.8,17.92,93.04,62.21269396142489,4.20946463714784,13334.2653947637,3.462,9.5
Jawa Tengah,2022,572808.11,548985.75,1121793.86,1812935.0,5.66,71.44,41934.46,28248.16,10.93,0.45,0.37,72.79,451650.25,36811.1,13.43,93.32,62.21269396142489,4.20946463714784,13334.2653947637,3.462,9.5
Jawa Timur,2022,600847.63,564290.28,1165137.91,1891567.0,5.15,71.11,66248.49,42635.84,10.38,0.45,0.368,72.75,473160.5,40921.1,14.92,95.05,62.21269396142489,4.20946463714784,13334.2653947637,3.462,9.5
Kalimantan Barat,2022,666065.89,566552.33,1232618.22,2434328.0,4.985,69.355,46092.06,26734.57,6.73,0.45,0.3125,68.63,545080.75,5474.7,2.01,80.43,62.21269396142489,4.20946463714784,13334.2653947637,3.462,9.5
Kalimantan Selatan,2022,727960.88,679758.06,1407718.94,2906473.0,4.47,68.595,60213.03,34132.71,4.49,0.45,0.313,71.84,566559.25,4116.9,1.52,76.18,62.21269396142489,4.20946463714784,13334.2653947637,3.462,9.5
Kalimantan Tengah,2022,762633.94,679661.3,1442295.24,2922516.0,4.23,67.085,72973.14,39856.48,5.28,0.45,0.314,71.63,562703.5,2700.1,0.99,77.01,62.21269396142489,4.20946463714784,13334.2653947637,3.462,9.5
Kalimantan Timur,2022,813447.68,984037.85,1797485.53,3014497.0,6.24,65.475,238916.99,131238.63,6.31,0.45,0.322,77.44,745355.5,3803.5,1.4,87.14,62.21269396142489,4.20946463714784,13334.2653947637,3.462,9.5
Kalimantan Utara,2022,758431.1,811754.88,1570185.98,3016738.0,4.475,66.07,192588.32,92392.97,6.77,0.45,0.271,71.83,777419.75,710.0,0.26,89.96,62.21269396142489,4.20946463714784,13334.2653947637,3.462,9.5
Kepulauan Bangka Belitung,2022,881622.45,772658.08,1654280.53,3264884.0,4.475,68.77,63865.51,38743.13,4.45,0.45,0.2455,72.24,828699.75,1471.8,0.54,80.96,62.21269396142489,4.20946463714784,13334.2653947637,3.462,9.5
Kepulauan Riau,2022,846221.75,985478.65,1831700.4,3050172.0,8.125,67.71,145530.48,89612.57,6.24,0.45,0.3335,76.46,694383.25,2089.9,0.79,91.82,62.21269396142489,4.20946463714784,13334.2653947637,3.462,9.5
Lampung,2022,575672.68,499314.76,1074987.43,2440486.0,4.415,71.285,44982.4,27973.81,11.57,0.45,0.3135,70.45,543060.25,4438.6,3.33,81.6,62.21269396142489,4.20946463714784,13334.2653947637,3.462,9.5
Maluku,2022,589485.16,580343.17,1169828.33,2619313.0,6.66,64.27,28536.54,17717.1,15.97,0.45,0.3035,70.22,652845.5,1869.5,0.68,92.1,62.21269396142489,4.20946463714784,13334.2653947637,3.462,9.5
Maluku Utara,2022,585162.43,543423.92,1128586.35,2862231.0,4.48,65.795,53776.27,30526.49,6.23,0.45,0.29400000000000004,69.47,537878.25,1299.6,0.48,88.1,62.21269396142489,4.20946463714784,13334.2653947637,3.462,9.5
Nusa Tenggara Barat,2022,666966.05,493696.03,1160662.07,2207212.0,3.405,70.59,28670.72,18647.1,13.68,0.45,0.3735,69.46,474701.5,5387.2,1.98,95.4,62.21269396142489,4.20946463714784,13334.2653947637,3.462,9.5
Nusa Tenggara Timur,2022,480749.17,403352.91,884102.08,1975000.0,3.42,74.445,21657.61,13264.15,20.05,0.45,0.337,65.9,509344.75,5394.4,1.98,86.76,62.21269396142489,4.20946463714784,13334.2653947637,3.462,9.5
Papua,2022,858106.47,596214.24,1454320.71,3561932.0,3.215,78.99,59383.62,39112.71,26.56,0.45,0.3995,71.76,663610.5,4356.8,1.6,65.39,62.21269396142489,4.20946463714784,13334.2653947637,3.462,9.5
Papua Barat,2022,723854.71,724650.68,1448505.39,3200000.0,5.575,69.07,78141.31,53517.07,21.33,0.45,0.377,65.16,691492.5,1149.4,0.43,81.57,62.21269396142489,4.20946463714784,13334.2653947637,3.462,9.5
Riau,2022,730825.57,694345.29,1425170.86,2938564.0,4.385,64.92,151258.97,80773.87,6.78,0.45,0.3245,73.52,633771.75,6466.8,2.4,90.07,62.21269396142489,4.20946463714784,13334.2653947637,3.462,9.5
Sulawesi Barat,2022,491876.25,464029.03,955905.28,2678863.0,2.725,70.95,37033.82,23060.66,11.75,0.45,0.3665,66.92,416338.75,1436.7,0.53,78.98,62.21269396142489,4.20946463714784,13334.2653947637,3.462,9.5
Sulawesi Selatan,2022,566223.75,576387.95,1142611.7,3165876.0,5.13,66.015,65353.29,38975.18,8.63,0.45,0.371,72.82,412879.0,9156.9,3.35,91.96,62.21269396142489,4.20946463714784,13334.2653947637,3.462,9.5
Sulawesi Tengah,2022,561738.97,521939.99,1083678.96,2390739.0,3.335,70.425,106068.47,56577.06,12.33,0.45,0.3065,70.28,545559.5,3015.0,1.11,86.74,62.21269396142489,4.20946463714784,13334.2653947637,3.462,9.5
Sulawesi Tenggara,2022,535048.46,576546.85,1111595.3,2576017.0,3.61,67.565,58714.73,37956.13,11.17,0.45,0.3765,72.23,422010.0,2659.9,0.98,94.64,62.21269396142489,4.20946463714784,13334.2653947637,3.462,9.5
Sulawesi Utara,2022,674114.08,562591.43,1236705.51,3310723.0,6.56,62.525,59020.57,36368.64,7.28,0.45,0.362,73.81,440167.0,2639.5,0.96,94.15,62.21269396142489,4.20946463714784,13334.2653947637,3.462,9.5
Sumatera Barat,2022,716261.97,626723.54,1342985.51,2512539.0,6.225,68.65,50263.83,32166.76,5.92,0.45,0.296,73.26,632149.75,5597.3,2.05,85.23,62.21269396142489,4.20946463714784,13334.2653947637,3.462,9.5
Sumatera Selatan,2022,620732.28,528080.19,1148812.47,3144446.0,4.685,69.32,68238.87,39723.97,11.9,0.45,0.3345,70.9,506350.25,8548.6,3.14,86.35,62.21269396142489,4.20946463714784,13334.2653947637,3.462,9.5
Sumatera Utara,2022,663926.75,552569.9,1216496.65,2522610.0,5.815,69.99,62922.26,37780.55,8.42,0.45,0.319,72.71,574103.75,14970.5,5.48,92.13,62.21269396142489,4.20946463714784,13334.2653947637,3.462,9.5
Aceh,2023,702547.0,523429.0,1225976.0,3413666.0,5.89,64.945,41407.6,26800.14,14.45,0.215,0.296,73.4,634889.5,5409.2,1.97,89.74,62.32751289179475,3.66938654859761,13889.9749067297,3.308,9.4
Bali,2023,729755.0,1011768.0,1741523.0,2713672.0,3.21,77.135,62299.21,36206.81,4.25,0.215,0.362,77.1,517167.0,4374.3,1.58,98.31,62.32751289179475,3.66938654859761,13889.9749067297,3.308,9.4
Banten,2023,847452.0,896235.0,1743687.0,2661280.0,7.745,65.19,66147.2,41228.21,6.17,0.215,0.368,73.87,599323.5,12167.0,4.42,92.95,62.32751289179475,3.66938654859761,13889.9749067297,3.308,9.4
Bengkulu,2023,679166.0,653392.0,1332558.0,2418280.0,3.315,71.815,46300.51,24952.76,14.04,0.215,0.333,72.78,654021.5,2059.4,0.75,73.08,62.32751289179475,3.66938654859761,13889.9749067297,3.308,9.4
DI Yogyakarta,2023,722132.0,1009428.0,1731560.0,1981782.0,3.635,73.755,48373.32,31747.86,11.04,0.215,0.449,81.07,549433.5,3712.6,1.34,96.69,62.32751289179475,3.66938654859761,13889.9749067297,3.308,9.4
DKI Jakarta,2023,1055896.0,1735820.0,2791716.0,4901798.0,7.05,64.14,322650.58,192134.11,4.44,0.215,0.431,82.46,792515.0,10640.0,3.83,99.42,62.32751289179475,3.66938654859761,13889.9749067297,3.308,9.4
Gorontalo,2023,590966.0,637927.0,1228893.0,2989350.0,3.065,70.69,42340.5,26083.3,15.15,0.215,0.417,70.45,441905.0,1198.4,0.44,96.0,62.32751289179475,3.66938654859761,13889.9749067297,3.308,9.4
Jambi,2023,720949.0,703176.0,1424125.0,2943033.0,4.515,68.315,79873.36,46004.69,7.58,0.215,0.343,72.77,625921.5,3633.2,1.32,80.02,62.32751289179475,3.66938654859761,13889.9749067297,3.308,9.4
Jawa Barat,2023,761832.0,805834.0,1567666.0,1986670.0,7.665,66.62,52651.05,33481.65,7.62,0.215,0.425,73.74,493607.0,49306.8,17.89,93.86,62.32751289179475,3.66938654859761,13889.9749067297,3.308,9.4
Jawa Tengah,2023,601528.0,608378.0,1209906.0,1958170.0,5.185,72.025,45162.08,29366.26,10.77,0.215,0.369,73.39,477257.0,37180.4,13.47,93.76,62.32751289179475,3.66938654859761,13889.9749067297,3.308,9.4
Jawa Timur,2023,657408.0,666078.0,1323486.0,2040244.0,4.605,72.03,71121.93,44423.32,10.35,0.215,0.387,73.38,505563.5,41230.0,14.9,96.01,62.32751289179475,3.66938654859761,13889.9749067297,3.308,9.4
Kalimantan Barat,2023,695043.0,650509.0,1345552.0,2608602.0,4.785,68.935,48808.92,27560.34,6.71,0.215,0.321,69.41,572339.5,5549.7,2.02,82.08,62.32751289179475,3.66938654859761,13889.9749067297,3.308,9.4
Kalimantan Selatan,2023,747955.0,709390.0,1457344.0,3149978.0,4.13,69.645,63754.33,35342.1,4.29,0.215,0.313,72.5,604010.5,4170.2,1.52,76.29,62.32751289179475,3.66938654859761,13889.9749067297,3.308,9.4
Kalimantan Tengah,2023,787550.0,738235.0,1525785.0,3181013.0,3.97,67.97,75271.23,40959.59,5.11,0.215,0.317,72.2,592024.5,2737.2,1.0,77.72,62.32751289179475,3.66938654859761,13889.9749067297,3.308,9.4
Kalimantan Timur,2023,885069.0,1095206.0,1980275.0,3201396.0,5.84,65.615,215804.04,137510.39,6.11,0.215,0.322,78.2,786239.0,3856.8,1.4,87.9,62.32751289179475,3.66938654859761,13889.9749067297,3.308,9.4
Kalimantan Utara,2023,801219.0,892358.0,1693577.0,3251703.0,4.055,68.69,201788.63,95658.26,6.45,0.215,0.277,72.49,808365.0,720.1,0.26,90.19,62.32751289179475,3.66938654859761,13889.9749067297,3.308,9.4
Kepulauan Bangka Belitung,2023,879797.0,847753.0,1727550.0,3498479.0,4.225,69.335,67812.94,39907.63,4.52,0.215,0.245,72.85,876340.5,1492.0,0.54,81.64,62.32751289179475,3.66938654859761,13889.9749067297,3.308,9.4
Kepulauan Riau,2023,863530.0,1126172.0,1989703.0,3279194.0,7.205,67.985,154065.16,92869.32,5.69,0.215,0.34,77.11,727713.0,2121.5,0.77,92.1,62.32751289179475,3.66938654859761,13889.9749067297,3.308,9.4
Lampung,2023,627879.0,575138.0,1203017.0,2633285.0,4.205,71.055,48187.64,28907.12,11.11,0.215,0.324,71.15,572594.5,4496.6,3.34,82.78,62.32751289179475,3.66938654859761,13889.9749067297,3.308,9.4
Maluku,2023,595310.0,642860.0,1238170.0,2812828.0,6.195,63.71,30455.06,18392.92,16.42,0.215,0.288,70.94,685296.5,1895.1,0.69,92.98,62.32751289179475,3.66938654859761,13889.9749067297,3.308,9.4
Maluku Utara,2023,660687.0,656472.0,1317159.0,2976720.0,4.455,67.145,64269.75,36592.38,6.46,0.215,0.3,70.21,575062.5,1318.5,0.48,89.01,62.32751289179475,3.66938654859761,13889.9749067297,3.308,9.4
Nusa Tenggara Barat,2023,711180.0,549640.0,1260820.0,2371407.0,3.265,72.235,29925.69,18687.2,13.85,0.215,0.375,70.2,498572.5,5474.0,2.0,96.03,62.32751289179475,3.66938654859761,13889.9749067297,3.308,9.4
Nusa Tenggara Timur,2023,516672.0,444700.0,961372.0,2123994.0,3.12,75.115,23078.51,13511.53,19.96,0.215,0.325,66.68,542969.0,5481.8,2.0,88.35,62.32751289179475,3.66938654859761,13889.9749067297,3.308,9.4
Papua,2023,866059.0,643934.0,1509992.0,3864696.0,3.08,76.995,78055.48,47321.1,26.03,0.215,0.386,72.41,702617.5,4429.7,1.61,66.49,62.32751289179475,3.66938654859761,13889.9749067297,3.308,9.4
Papua Barat,2023,773831.0,824423.0,1598254.0,3282000.0,5.455,68.3,108110.28,71924.23,20.49,0.215,0.37,66.16,734073.5,1168.4,0.43,81.57,62.32751289179475,3.66938654859761,13889.9749067297,3.308,9.4
Riau,2023,776145.0,751405.0,1527549.0,3191663.0,4.24,64.815,154522.28,83070.74,6.68,0.215,0.324,74.04,665472.5,6555.8,2.38,90.47,62.32751289179475,3.66938654859761,13889.9749067297,3.308,9.4
Sulawesi Barat,2023,530104.0,506416.0,1036520.0,2871795.0,2.655,69.335,39546.78,23903.2,11.49,0.215,0.351,67.55,434778.0,1458.9,0.53,79.86,62.32751289179475,3.66938654859761,13889.9749067297,3.308,9.4
Sulawesi Selatan,2023,597180.0,655371.0,1252551.0,3385145.0,4.795,65.015,69710.31,40290.12,8.7,0.215,0.377,73.46,437695.5,9260.1,3.36,92.12,62.32751289179475,3.66938654859761,13889.9749067297,3.308,9.4
Sulawesi Tengah,2023,602468.0,571212.0,1173679.0,2599546.0,3.22,70.02,112461.01,62584.06,12.41,0.215,0.304,70.95,571065.5,3051.2,1.11,86.85,62.32751289179475,3.66938654859761,13889.9749067297,3.308,9.4
Sulawesi Tenggara,2023,561452.0,611288.0,1172739.0,2758985.0,3.405,68.81,64088.4,39342.46,11.43,0.215,0.371,72.79,447674.5,2704.6,0.99,94.8,62.32751289179475,3.66938654859761,13889.9749067297,3.308,9.4
Sulawesi Utara,2023,670957.0,644219.0,1315176.0,3485000.0,6.145,63.7,64130.96,38064.2,7.38,0.215,0.37,74.36,462801.5,2660.8,0.96,94.37,62.32751289179475,3.66938654859761,13889.9749067297,3.308,9.4
Sumatera Barat,2023,747469.0,664354.0,1411823.0,2742476.0,5.92,69.785,54333.83,33187.86,5.95,0.215,0.28,73.75,667612.0,5677.6,2.07,85.59,62.32751289179475,3.66938654859761,13889.9749067297,3.308,9.4
Sumatera Selatan,2023,647779.0,562206.0,1209986.0,3404177.0,4.32,70.225,71958.27,41283.99,11.78,0.215,0.338,71.62,528395.0,8647.3,3.14,87.19,62.32751289179475,3.66938654859761,13889.9749067297,3.308,9.4
Sumatera Utara,2023,707588.0,597752.0,1305339.0,2710494.0,5.565,70.83,68305.71,39140.19,8.15,0.215,0.309,73.37,600141.0,15180.5,5.52,92.19,62.32751289179475,3.66938654859761,13889.9749067297,3.308,9.4
Aceh,2024,722434.0,542299.0,1264733.0,3460672.0,5.654999999999999,64.945,43782.22,27684.18,14.23,0.13,0.294,74.03,672333.25,5554.8,1.97,90.08,61.69974351299111,2.18151273615189,14470.4372020578,3.301,9.0
Bali,2024,804982.0,1067778.0,1872760.0,2813672.0,1.83,77.135,67318.28,37940.16,4.0,0.13,0.3545,77.76,558569.0,4433.3,1.57,98.32,61.69974351299111,2.18151273615189,14470.4372020578,3.301,9.0
Banten,2024,873268.0,898894.0,1772162.0,2727812.0,6.85,65.19,70275.82,42773.59,5.84,0.13,0.356,74.48,636465.5,12431.4,4.41,94.01,61.69974351299111,2.18151273615189,14470.4372020578,3.301,9.0
Bengkulu,2024,724415.0,691561.0,1415976.0,2507079.0,3.1399999999999997,71.815,49233.12,25780.58,13.56,0.13,0.3425,73.39,690657.0,2112.2,0.75,72.1,61.69974351299111,2.18151273615189,14470.4372020578,3.301,9.0
DI Yogyakarta,2024,748182.0,1010683.0,1758865.0,2125898.0,3.3600000000000003,73.755,51486.05,33140.14,10.83,0.13,0.4315,81.55,581607.25,3759.5,1.34,96.91,61.69974351299111,2.18151273615189,14470.4372020578,3.301,9.0
DKI Jakarta,2024,1108228.0,1686257.0,2794485.0,5067381.0,6.12,64.14,344382.53,201329.87,4.3,0.13,0.427,83.08,835686.5,10684.9,3.79,99.96,61.69974351299111,2.18151273615189,14470.4372020578,3.301,9.0
Gorontalo,2024,620823.0,641446.0,1262268.0,3025100.0,3.09,70.69,44437.14,26838.33,14.57,0.13,0.4135,71.23,480262.75,1227.8,0.44,96.13,61.69974351299111,2.18151273615189,14470.4372020578,3.301,9.0
Jambi,2024,773667.0,698833.0,1472501.0,3037121.0,4.465,68.315,86774.89,47490.59,7.1,0.13,0.318,73.43,679293.5,3724.3,1.32,82.16,61.69974351299111,2.18151273615189,14470.4372020578,3.301,9.0
Jawa Barat,2024,803842.0,829190.0,1633032.0,2057495.0,6.83,66.62,56081.86,34802.22,7.46,0.13,0.4245,74.43,527108.0,50345.2,17.88,94.9,61.69974351299111,2.18151273615189,14470.4372020578,3.301,9.0
Jawa Tengah,2024,647311.0,624368.0,1271678.0,2036947.0,4.585,72.025,47970.48,30533.89,10.47,0.13,0.3655,73.88,513563.25,37892.3,13.46,95.43,61.69974351299111,2.18151273615189,14470.4372020578,3.301,9.0
Jawa Timur,2024,689148.0,667796.0,1356943.0,2165244.0,3.9650000000000003,72.03,75770.26,46295.19,9.79,0.13,0.3725,74.09,539906.25,41814.5,14.85,96.93,61.69974351299111,2.18151273615189,14470.4372020578,3.301,9.0
Kalimantan Barat,2024,735785.0,652292.0,1388077.0,2702616.0,4.53,68.935,52702.7,28544.5,6.32,0.13,0.312,70.13,613181.75,5695.5,2.02,82.13,61.69974351299111,2.18151273615189,14470.4372020578,3.301,9.0
Kalimantan Selatan,2024,799948.0,734092.0,1534039.0,3282812.0,4.045,69.645,67122.21,36685.06,4.11,0.13,0.3,73.03,637979.25,4273.4,1.52,77.34,61.69974351299111,2.18151273615189,14470.4372020578,3.301,9.0
Kalimantan Tengah,2024,835243.0,755448.0,1590691.0,3261616.0,3.84,67.97,79319.73,42240.24,5.17,0.13,0.3025,72.73,629625.75,2809.7,1.0,78.71,61.69974351299111,2.18151273615189,14470.4372020578,3.301,9.0
Kalimantan Timur,2024,925954.0,1116838.0,2042791.0,3360858.0,5.445,65.615,212116.62,141088.49,5.78,0.13,0.3155,78.83,839281.0,4045.9,1.44,89.11,61.69974351299111,2.18151273615189,14470.4372020578,3.301,9.0
Kalimantan Utara,2024,833209.0,824833.0,1658042.0,3361653.0,3.955,68.69,198676.76,98859.94,6.32,0.13,0.2615,73.02,853125.0,739.8,0.26,89.42,61.69974351299111,2.18151273615189,14470.4372020578,3.301,9.0
Kepulauan Bangka Belitung,2024,929142.0,863932.0,1793074.0,3640000.0,4.24,69.335,70193.32,39700.09,4.55,0.13,0.2395,73.33,915967.5,1531.5,0.54,82.97,61.69974351299111,2.18151273615189,14470.4372020578,3.301,9.0
Kepulauan Riau,2024,938634.0,1170437.0,2109071.0,3402492.0,6.665,67.985,161424.32,96157.12,5.37,0.13,0.353,77.97,779533.75,2183.3,0.78,94.71,61.69974351299111,2.18151273615189,14470.4372020578,3.301,9.0
Lampung,2024,656937.0,544537.0,1201473.0,2716497.0,4.155,71.055,51386.84,29890.63,10.69,0.13,0.3015,71.81,607181.5,9419.6,3.34,84.51,61.69974351299111,2.18151273615189,14470.4372020578,3.301,9.0
Maluku,2024,640897.0,636672.0,1277569.0,2949953.0,6.035,63.71,32198.79,19124.76,16.05,0.13,0.2865,71.57,728132.5,1945.6,0.69,93.32,61.69974351299111,2.18151273615189,14470.4372020578,3.301,9.0
Maluku Utara,2024,726547.0,720763.0,1447310.0,3200000.0,4.095000000000001,67.145,71516.58,41118.36,6.32,0.13,0.306,71.03,633074.75,1355.6,0.48,88.92,61.69974351299111,2.18151273615189,14470.4372020578,3.301,9.0
Nusa Tenggara Barat,2024,730071.0,547068.0,1277139.0,2444067.0,3.0149999999999997,72.235,32282.17,19379.2,12.91,0.13,0.3625,70.93,536861.25,5646.0,2.0,96.13,61.69974351299111,2.18151273615189,14470.4372020578,3.301,9.0
Nusa Tenggara Timur,2024,541265.0,434589.0,975854.0,2186826.0,3.0949999999999998,75.115,24302.96,13819.14,19.48,0.13,0.316,67.39,566945.5,5656.0,2.01,88.55,61.69974351299111,2.18151273615189,14470.4372020578,3.301,9.0
Papua,2024,765393.0,813501.0,1578894.0,4024270.0,6.145,76.995,81009.15,48641.84,17.26,0.13,0.3835,73.0,675155.25,4542.6,0.38,85.84,61.69974351299111,2.18151273615189,14470.4372020578,3.301,9.0
Papua Barat,2024,836642.0,806846.0,1643488.0,3393000.0,4.22,68.3,131636.45,85513.35,21.66,0.13,0.387,67.02,838689.75,1205.8,0.21,82.38,61.69974351299111,2.18151273615189,14470.4372020578,3.301,9.0
Papua Barat Daya,2024,810863.0,831867.0,1642730.0,4024270.0,6.25,68.12,59063.54,39662.97,18.13,0.13,0.3465,68.63,774106.0,,0.22,81.68,61.69974351299111,2.18151273615189,14470.4372020578,3.301,9.0
Papua Pegunungan,2024,1157571.0,570904.0,1728475.0,4024270.0,1.25,,18105.38,9405.8,32.97,0.13,0.34299999999999997,53.42,1178113.75,,0.52,30.64,61.69974351299111,2.18151273615189,14470.4372020578,3.301,9.0
Papua Selatan,2024,749474.0,677616.0,1427090.0,4024270.0,4.4,67.76,61621.8,35163.97,17.44,0.13,0.41400000000000003,67.9,555938.25,,0.19,71.9,61.69974351299111,2.18151273615189,14470.4372020578,3.301,9.0
Papua Tengah,2024,887039.0,600649.0,1487688.0,4024270.0,2.62,76.43,118773.53,71608.13,29.76,0.13,0.368,59.75,834735.75,,0.52,81.53,61.69974351299111,2.18151273615189,14470.4372020578,3.301,9.0
Riau,2024,824229.0,738936.0,1563165.0,3294625.0,3.7750000000000004,64.815,165349.71,84903.25,6.67,0.13,0.3065,74.79,707375.75,6728.1,2.39,92.24,61.69974351299111,2.18151273615189,14470.4372020578,3.301,9.0
Sulawesi Barat,2024,579734.0,529855.0,1109589.0,2914958.0,2.85,69.335,42717.73,24671.79,11.21,0.13,0.34199999999999997,68.2,459985.75,1503.2,0.53,80.14,61.69974351299111,2.18151273615189,14470.4372020578,3.301,9.0
Sulawesi Selatan,2024,636655.0,646426.0,1283081.0,3434298.0,4.545,65.015,73573.33,41860.47,8.06,0.13,0.3615,74.05,465153.5,9463.4,3.36,92.23,61.69974351299111,2.18151273615189,14470.4372020578,3.301,9.0
Sulawesi Tengah,2024,644418.0,587035.0,1231453.0,2736698.0,3.045,70.02,120749.57,68000.75,11.77,0.13,0.305,71.56,607779.75,3121.8,1.11,87.86,61.69974351299111,2.18151273615189,14470.4372020578,3.301,9.0
Sulawesi Tenggara,2024,604047.0,623116.0,1227163.0,2885964.0,3.1550000000000002,68.81,67839.91,40811.51,11.21,0.13,0.3675,73.48,472002.75,2793.1,0.99,95.31,61.69974351299111,2.18151273615189,14470.4372020578,3.301,9.0
Sulawesi Utara,2024,717919.0,664510.0,1382429.0,3545000.0,5.915,63.7,69352.24,39816.39,7.25,0.13,0.3535,75.03,500045.75,2701.8,0.96,94.46,61.69974351299111,2.18151273615189,14470.4372020578,3.301,9.0
Sumatera Barat,2024,797728.0,683125.0,1480853.0,2811449.0,5.77,69.785,57083.09,34169.75,5.97,0.13,0.285,74.49,710938.75,5836.2,2.07,86.85,61.69974351299111,2.18151273615189,14470.4372020578,3.301,9.0
Sumatera Selatan,2024,711510.0,577490.0,1289001.0,3456874.0,3.915,70.225,75131.73,42899.93,10.97,0.13,0.332,72.3,567128.5,8837.3,3.14,87.23,61.69974351299111,2.18151273615189,14470.4372020578,3.301,9.0
Sumatera Utara,2024,734270.0,606687.0,1340957.0,2809915.0,5.35,70.83,73574.62,40576.95,7.99,0.13,0.3015,74.02,641764.5,15588.5,5.54,92.94,61.69974351299111,2.18151273615189,14470.4372020578,3.301,9.0
Aceh,2025,741980.0,557776.0,1299756.0,3685616.0,5.57,65.475,45770.4,28144.6,14.23,0.24333333333333332,0.278,74.03,705310.75,5554.8,1.98,92.06,62.780285191080964,2.18151273615189,14470.4372020578,3.301,9.0
Bali,2025,827210.0,1137408.0,1964618.0,2996561.0,1.535,77.355,72658.49,39897.4,4.0,0.24333333333333332,0.34299999999999997,77.76,603775.5,4433.3,1.57,98.75,62.780285191080964,2.18151273615189,14470.4372020578,3.301,9.0
Banten,2025,870648.0,879898.0,1750546.0,2905120.0,6.665,65.24,74672.68,44687.83,5.84,0.24333333333333332,0.321,74.48,672989.5,12431.4,4.41,96.03,62.780285191080964,2.18151273615189,14470.4372020578,3.301,9.0
Bengkulu,2025,740786.0,757958.0,1498744.0,2670039.0,3.325,71.64,52304.54,26691.13,13.56,0.24333333333333332,0.344,73.39,717305.75,2112.2,0.75,70.47,62.780285191080964,2.18151273615189,14470.4372020578,3.301,9.0
DI Yogyakarta,2025,766284.0,1076928.0,1843212.0,2264081.0,3.32,74.235,55039.3,34757.17,10.83,0.24333333333333332,0.42,81.55,608897.0,3759.5,1.33,97.33,62.780285191080964,2.18151273615189,14470.4372020578,3.301,9.0
DKI Jakarta,2025,1153404.0,1809008.0,2962412.0,5396761.0,6.115,65.075,367687.07,211953.77,4.3,0.24333333333333332,0.432,83.08,875268.0,10684.9,3.75,99.98,62.780285191080964,2.18151273615189,14470.4372020578,3.301,9.0
Gorontalo,2025,650308.0,665429.0,1315738.0,3221731.0,3.27,68.405,47476.82,28041.7,14.57,0.24333333333333332,0.3875,71.23,507630.0,1227.8,0.44,95.95,62.780285191080964,2.18151273615189,14470.4372020578,3.301,9.0
Jambi,2025,775092.0,702013.0,1477104.0,3234535.0,4.37,67.74,92786.06,49245.88,7.1,0.24333333333333332,0.296,73.43,713707.75,3724.3,1.32,82.46,62.780285191080964,2.18151273615189,14470.4372020578,3.301,9.0
Jawa Barat,2025,832486.0,891881.0,1724367.0,2191232.0,6.755,67.95,59864.61,36354.47,7.46,0.24333333333333332,0.4065,74.43,557084.0,50345.2,17.85,95.84,62.780285191080964,2.18151273615189,14470.4372020578,3.301,9.0
Jawa Tengah,2025,667536.0,669491.0,1337028.0,2169349.0,4.495,73.765,50823.64,31886.56,10.47,0.24333333333333332,0.3545,73.88,553720.25,37892.3,13.44,95.73,62.780285191080964,2.18151273615189,14470.4372020578,3.301,9.0
Jawa Timur,2025,715989.0,703152.0,1419140.0,2305985.0,3.745,74.115,80855.92,48443.74,9.79,0.24333333333333332,0.364,74.09,568991.5,41814.5,14.8,97.3,62.780285191080964,2.18151273615189,14470.4372020578,3.301,9.0
Kalimantan Barat,2025,779641.0,690293.0,1469934.0,2878286.0,4.525,69.27,56983.66,29713.8,6.32,0.24333333333333332,0.312,70.13,647999.75,5695.5,2.03,84.32,62.780285191080964,2.18151273615189,14470.4372020578,3.301,9.0
Kalimantan Selatan,2025,827593.0,775909.0,1603501.0,3496195.0,4.05,70.17,70576.83,38155.38,4.11,0.24333333333333332,0.28400000000000003,73.03,667079.25,4273.4,1.52,78.27,62.780285191080964,2.18151273615189,14470.4372020578,3.301,9.0
Kalimantan Tengah,2025,849309.0,746856.0,1596165.0,3473621.0,3.72,69.15,84729.84,43718.51,5.17,0.24333333333333332,0.288,72.73,666635.25,2809.7,1.0,80.58,62.780285191080964,2.18151273615189,14470.4372020578,3.301,9.0
Kalimantan Timur,2025,956141.0,1161212.0,2117354.0,3579314.0,5.255,66.49,208330.9,139811.82,5.78,0.24333333333333332,0.311,78.83,875547.25,4045.9,1.5,88.45,62.780285191080964,2.18151273615189,14470.4372020578,3.301,9.0
Kalimantan Utara,2025,838916.0,887535.0,1726451.0,3580160.0,3.875,69.37,208210.06,102044.64,6.32,0.24333333333333332,0.256,73.02,895833.0,739.8,0.26,91.59,62.780285191080964,2.18151273615189,14470.4372020578,3.301,9.0
Kepulauan Bangka Belitung,2025,915697.0,849854.0,1765551.0,3876600.0,4.31,68.525,75322.53,40811.39,4.55,0.24333333333333332,0.218,73.33,977835.75,1531.5,0.55,83.54,62.780285191080964,2.18151273615189,14470.4372020578,3.301,9.0
Kepulauan Riau,2025,1063897.0,1404422.0,2468319.0,3623654.0,6.67,67.535,172458.76,101427.23,5.37,0.24333333333333332,0.3835,77.97,837591.5,2183.3,0.78,94.6,62.780285191080964,2.18151273615189,14470.4372020578,3.301,9.0
Lampung,2025,663740.0,575873.0,1239613.0,2893070.0,4.14,70.8,55009.07,31127.1,10.69,0.24333333333333332,0.2895,71.81,634998.25,9419.6,3.35,85.13,62.780285191080964,2.18151273615189,14470.4372020578,3.301,9.0
Maluku,2025,679006.0,719492.0,1398498.0,3141700.0,6.11,67.11,33651.87,19743.62,16.05,0.24333333333333332,0.2845,71.57,780074.75,1945.6,0.69,92.83,62.780285191080964,2.18151273615189,14470.4372020578,3.301,9.0
Maluku Utara,2025,749636.0,742896.0,1492532.0,3408000.0,4.405,69.28,97261.6,54439.49,6.32,0.24333333333333332,0.28700000000000003,71.03,693707.25,1355.6,0.48,90.01,62.780285191080964,2.18151273615189,14470.4372020578,3.301,9.0
Nusa Tenggara Barat,2025,762911.0,639207.0,1402118.0,2602931.0,3.14,76.305,33667.41,19706.32,12.91,0.24333333333333332,0.3665,70.93,564968.0,5646.0,2.01,96.29,62.780285191080964,2.18151273615189,14470.4372020578,3.301,9.0
Nusa Tenggara Timur,2025,559895.0,468980.0,1028875.0,2328970.0,3.27,75.68,25837.48,14310.07,19.48,0.24333333333333332,0.3185,67.39,595715.5,5656.0,2.02,89.86,62.780285191080964,2.18151273615189,14470.4372020578,3.301,9.0
Papua,2025,830864.0,979903.0,1810767.0,4285850.0,6.94,67.18,84305.2,49956.04,17.26,0.24333333333333332,0.4005,73.0,702153.5,4542.6,0.38,87.7,62.780285191080964,2.18151273615189,14470.4372020578,3.301,9.0
Papua Barat,2025,878045.0,827294.0,1705338.0,3615000.0,4.38,70.5,139212.56,89651.73,21.66,0.24333333333333332,0.3785,67.02,888751.75,1205.8,0.21,82.95,62.780285191080964,2.18151273615189,14470.4372020578,3.301,9.0
Papua Barat Daya,2025,857182.0,959693.0,1816875.0,3614000.0,6.73,68.12,61624.05,40656.59,18.13,0.24333333333333332,0.362,68.63,830401.5,,0.22,80.64,62.780285191080964,2.18151273615189,14470.4372020578,3.301,9.0
Papua Selatan,2025,805371.0,712048.0,1517419.0,4285850.0,4.47,67.76,64928.23,35853.22,17.44,0.24333333333333332,0.419,67.9,604296.75,,0.19,71.28,62.780285191080964,2.18151273615189,14470.4372020578,3.301,9.0
Papua Tengah,2025,874847.0,584240.0,1459088.0,4285848.0,3.585,76.43,107565.94,55267.77,29.76,0.24333333333333332,0.3365,59.75,908026.25,,0.52,83.21,62.780285191080964,2.18151273615189,14470.4372020578,3.301,9.0
Riau,2025,844678.0,765749.0,1610427.0,3508776.0,4.14,65.615,176384.66,87886.74,6.67,0.24333333333333332,0.3055,74.79,737899.0,6728.1,2.39,92.17,62.780285191080964,2.18151273615189,14470.4372020578,3.301,9.0
Sulawesi Barat,2025,575436.0,493877.0,1069314.0,3104430.0,3.015,73.03,46653.64,25617.79,11.21,0.24333333333333332,0.312,68.2,491847.75,1503.2,0.54,83.0,62.780285191080964,2.18151273615189,14470.4372020578,3.301,9.0
Sulawesi Selatan,2025,664456.0,694365.0,1358821.0,3657527.0,4.585,66.82,78748.0,43671.27,8.06,0.24333333333333332,0.3565,74.05,497555.75,9463.4,3.36,93.25,62.780285191080964,2.18151273615189,14470.4372020578,3.301,9.0
Sulawesi Tengah,2025,648896.0,607498.0,1256394.0,2915000.0,2.97,71.455,131642.52,72958.74,11.77,0.24333333333333332,0.278,71.56,647429.25,3121.8,1.11,87.55,62.780285191080964,2.18151273615189,14470.4372020578,3.301,9.0
Sulawesi Tenggara,2025,650919.0,674166.0,1325085.0,3073552.0,3.29,70.72,72031.18,42510.17,11.21,0.24333333333333332,0.36,73.48,510117.25,2793.1,1.0,94.91,62.780285191080964,2.18151273615189,14470.4372020578,3.301,9.0
Sulawesi Utara,2025,718423.0,692081.0,1410504.0,3775425.0,6.01,66.255,75234.91,41764.48,7.25,0.24333333333333332,0.342,75.03,541730.0,2701.8,0.96,94.86,62.780285191080964,2.18151273615189,14470.4372020578,3.301,9.0
Sumatera Barat,2025,821552.0,720558.0,1542109.0,2994193.0,5.655,71.145,59548.83,34854.17,5.97,0.24333333333333332,0.281,74.49,752278.0,5836.2,2.08,87.26,62.780285191080964,2.18151273615189,14470.4372020578,3.301,9.0
Sumatera Selatan,2025,691256.0,592283.0,1283538.0,3681571.0,3.79,70.22,80663.49,44731.49,10.97,0.24333333333333332,0.3045,72.3,604594.75,8837.3,3.14,86.82,62.780285191080964,2.18151273615189,14470.4372020578,3.301,9.0
Sumatera Utara,2025,765842.0,632045.0,1397887.0,2992559.0,5.185,71.21,78310.29,41885.91,7.99,0.24333333333333332,0.289,74.02,688043.25,15588.5,5.55,93.24,62.780285191080964,2.18151273615189,14470.4372020578,3.301,9.0
